ID,Process ID,Process Name,Host Name,Kernel Name,Kernel Time,Context,Stream,device__attribute_architecture,device__attribute_async_engine_count,device__attribute_can_flush_remote_writes,device__attribute_can_map_host_memory,device__attribute_can_tex2d_gather,device__attribute_can_use_64_bit_stream_mem_ops,device__attribute_can_use_host_pointer_for_registered_mem,device__attribute_can_use_stream_mem_ops,device__attribute_can_use_stream_wait_value_nor,device__attribute_chip,device__attribute_clock_rate,device__attribute_compute_capability_major,device__attribute_compute_capability_minor,device__attribute_compute_mode,device__attribute_compute_preemption_supported,device__attribute_concurrent_kernels,device__attribute_concurrent_managed_access,device__attribute_cooperative_launch,device__attribute_cooperative_multi_device_launch,device__attribute_device_index,device__attribute_direct_managed_mem_access_from_host,device__attribute_display_name,device__attribute_ecc_enabled,device__attribute_fb_bus_width,device__attribute_fbp_count,device__attribute_generic_compression_supported,device__attribute_global_l1_cache_supported,device__attribute_global_memory_bus_width,device__attribute_gpu_direct_rdma_with_cuda_vmm_supported,device__attribute_gpu_overlap,device__attribute_gpu_pci_device_id,device__attribute_gpu_pci_ext_device_id,device__attribute_gpu_pci_ext_downstream_link_rate,device__attribute_gpu_pci_ext_downstream_link_width,device__attribute_gpu_pci_ext_gen,device__attribute_gpu_pci_ext_gpu_gen,device__attribute_gpu_pci_ext_gpu_link_rate,device__attribute_gpu_pci_ext_gpu_link_width,device__attribute_gpu_pci_revision_id,device__attribute_gpu_pci_sub_system_id,device__attribute_handle_type_posix_file_descriptor_supported,device__attribute_handle_type_win32_handle_supported,device__attribute_handle_type_win32_kmt_handle_supported,device__attribute_host_native_atomic_supported,device__attribute_host_register_supported,device__attribute_implementation,device__attribute_integrated,device__attribute_kernel_exec_timeout,device__attribute_l2_cache_size,device__attribute_l2s_count,device__attribute_limits_max_cta_per_sm,device__attribute_local_l1_cache_supported,device__attribute_managed_memory,device__attribute_max_access_policy_window_size,device__attribute_max_block_dim_x,device__attribute_max_block_dim_y,device__attribute_max_block_dim_z,device__attribute_max_blocks_per_multiprocessor,device__attribute_max_gpu_frequency_khz,device__attribute_max_grid_dim_x,device__attribute_max_grid_dim_y,device__attribute_max_grid_dim_z,device__attribute_max_ipc_per_multiprocessor,device__attribute_max_ipc_per_scheduler,device__attribute_max_mem_frequency_khz,device__attribute_max_persisting_l2_cache_size,device__attribute_max_pitch,device__attribute_max_registers_per_block,device__attribute_max_registers_per_multiprocessor,device__attribute_max_registers_per_thread,device__attribute_max_shared_memory_per_block,device__attribute_max_shared_memory_per_block_optin,device__attribute_max_shared_memory_per_multiprocessor,device__attribute_max_threads_per_block,device__attribute_max_threads_per_multiprocessor,device__attribute_max_warps_per_multiprocessor,device__attribute_max_warps_per_scheduler,device__attribute_maximum_surface1d_layered_layers,device__attribute_maximum_surface1d_layered_width,device__attribute_maximum_surface1d_width,device__attribute_maximum_surface2d_height,device__attribute_maximum_surface2d_layered_height,device__attribute_maximum_surface2d_layered_layers,device__attribute_maximum_surface2d_layered_width,device__attribute_maximum_surface2d_width,device__attribute_maximum_surface3d_depth,device__attribute_maximum_surface3d_height,device__attribute_maximum_surface3d_width,device__attribute_maximum_surfacecubemap_layered_layers,device__attribute_maximum_surfacecubemap_layered_width,device__attribute_maximum_surfacecubemap_width,device__attribute_maximum_texture1d_layered_layers,device__attribute_maximum_texture1d_layered_width,device__attribute_maximum_texture1d_linear_width,device__attribute_maximum_texture1d_mipmapped_width,device__attribute_maximum_texture1d_width,device__attribute_maximum_texture2d_gather_height,device__attribute_maximum_texture2d_gather_width,device__attribute_maximum_texture2d_height,device__attribute_maximum_texture2d_layered_height,device__attribute_maximum_texture2d_layered_layers,device__attribute_maximum_texture2d_layered_width,device__attribute_maximum_texture2d_linear_height,device__attribute_maximum_texture2d_linear_pitch,device__attribute_maximum_texture2d_linear_width,device__attribute_maximum_texture2d_mipmapped_height,device__attribute_maximum_texture2d_mipmapped_width,device__attribute_maximum_texture2d_width,device__attribute_maximum_texture3d_depth,device__attribute_maximum_texture3d_depth_alternate,device__attribute_maximum_texture3d_height,device__attribute_maximum_texture3d_height_alternate,device__attribute_maximum_texture3d_width,device__attribute_maximum_texture3d_width_alternate,device__attribute_maximum_texturecubemap_layered_layers,device__attribute_maximum_texturecubemap_layered_width,device__attribute_maximum_texturecubemap_width,device__attribute_memory_clock_rate,device__attribute_memory_pools_supported,device__attribute_multi_gpu_board,device__attribute_multi_gpu_board_group_id,device__attribute_multiprocessor_count,device__attribute_num_l2s_per_fbp,device__attribute_num_schedulers_per_multiprocessor,device__attribute_num_tex_per_multiprocessor,device__attribute_pageable_memory_access,device__attribute_pageable_memory_access_uses_host_page_tables,device__attribute_pci_bus_id,device__attribute_pci_device_id,device__attribute_pci_domain_id,device__attribute_ram_location,device__attribute_ram_type,device__attribute_reserved_shared_memory_per_block,device__attribute_sass_level,device__attribute_single_to_double_precision_perf_ratio,device__attribute_sparse_cuda_array_supported,device__attribute_stream_priorities_supported,device__attribute_surface_alignment,device__attribute_tcc_driver,device__attribute_texture_alignment,device__attribute_texture_pitch_alignment,device__attribute_total_constant_memory,device__attribute_total_memory,device__attribute_unified_addressing,device__attribute_virtual_address_management_supported,device__attribute_warp_size,dram__bytes_read.sum,dram__sectors_read.sum,dram__sectors_write.sum,gpc__cycles_elapsed.avg,gpu__time_duration.sum,idc__requests.sum,idc__requests_lookup_hit.sum,l1tex__t_sectors_pipe_lsu_mem_global_op_ld.sum,l1tex__t_sectors_pipe_lsu_mem_global_op_ld_lookup_hit.sum,l1tex__t_sectors_pipe_lsu_mem_global_op_ld_lookup_miss.sum,l1tex__t_sectors_pipe_lsu_mem_global_op_st.sum,l1tex__t_sectors_pipe_lsu_mem_global_op_st_lookup_hit.sum,l1tex__t_sectors_pipe_lsu_mem_global_op_st_lookup_miss.sum,launch__block_dim_x,launch__block_dim_y,launch__block_dim_z,launch__block_size,launch__context_id,launch__device_id,launch__func_cache_config,launch__function_pcs,launch__grid_dim_x,launch__grid_dim_y,launch__grid_dim_z,launch__grid_size,launch__occupancy_limit_blocks,launch__occupancy_limit_registers,launch__occupancy_limit_shared_mem,launch__occupancy_limit_warps,launch__occupancy_per_block_size,launch__occupancy_per_register_count,launch__occupancy_per_shared_mem_size,launch__registers_per_thread,launch__registers_per_thread_allocated,launch__shared_mem_config_size,launch__shared_mem_per_block,launch__shared_mem_per_block_allocated,launch__shared_mem_per_block_driver,launch__shared_mem_per_block_dynamic,launch__shared_mem_per_block_static,launch__stream_id,launch__thread_count,launch__waves_per_multiprocessor,lts__t_sector_op_write_hit_rate.pct,lts__t_sectors_srcunit_tex_op_read.sum,lts__t_sectors_srcunit_tex_op_read.sum.per_second,lts__t_sectors_srcunit_tex_op_read_lookup_hit.sum,lts__t_sectors_srcunit_tex_op_read_lookup_miss.sum,lts__t_sectors_srcunit_tex_op_write.sum,lts__t_sectors_srcunit_tex_op_write_lookup_hit.sum,lts__t_sectors_srcunit_tex_op_write_lookup_miss.sum,nvlink__bandwidth,nvlink__count_logical,nvlink__count_physical,nvlink__dev0type,nvlink__dev1type,nvlink__uuidDev0,nvlink__uuidDev1,profiler__perfworks_session_reuse,profiler__replayer_bytes_mem_accessible.avg,profiler__replayer_bytes_mem_accessible.max,profiler__replayer_bytes_mem_accessible.min,profiler__replayer_bytes_mem_accessible.sum,profiler__replayer_bytes_mem_backed_up.avg,profiler__replayer_bytes_mem_backed_up.max,profiler__replayer_bytes_mem_backed_up.min,profiler__replayer_bytes_mem_backed_up.sum,profiler__replayer_passes,profiler__replayer_passes_type_warmup,sm__cycles_active.avg,sm__cycles_active.sum,sm__cycles_elapsed.avg,sm__cycles_elapsed.sum,sm__inst_executed.sum,sm__inst_executed_pipe_alu.sum,sm__inst_executed_pipe_fma.sum,sm__inst_executed_pipe_fp64.sum,sm__inst_executed_pipe_lsu.sum,sm__inst_executed_pipe_tensor.sum,sm__inst_executed_pipe_tex.sum,sm__inst_executed_pipe_xu.sum,sm__maximum_warps_avg_per_active_cycle,sm__maximum_warps_per_active_cycle_pct,sm__pipe_alu_cycles_active.sum,sm__pipe_fma_cycles_active.sum,sm__pipe_fp64_cycles_active.sum,sm__pipe_tensor_cycles_active.sum,sm__pipe_tensor_op_hmma_cycles_active.sum,sm__sass_inst_executed_op_memory_128b.sum,sm__sass_inst_executed_op_memory_16b.sum,sm__sass_inst_executed_op_memory_32b.sum,sm__sass_inst_executed_op_memory_64b.sum,sm__sass_inst_executed_op_memory_8b.sum,sm__sass_inst_executed_op_shared_ld.sum,sm__sass_inst_executed_op_shared_st.sum,sm__sass_thread_inst_executed.sum,sm__sass_thread_inst_executed_op_dfma_pred_on.sum,sm__sass_thread_inst_executed_op_dmul_pred_on.sum,sm__sass_thread_inst_executed_op_fp16_pred_on.sum,sm__sass_thread_inst_executed_op_fp32_pred_on.sum,sm__sass_thread_inst_executed_op_fp64_pred_on.sum,sm__sass_thread_inst_executed_op_integer_pred_on.sum,sm__sass_thread_inst_executed_ops_dadd_dmul_dfma_pred_on.sum,sm__sass_thread_inst_executed_ops_fadd_fmul_ffma_pred_on.sum,sm__sass_thread_inst_executed_ops_hadd_hmul_hfma_pred_on.sum,sm__warps_active.avg.pct_of_peak_sustained_active,smsp__cycles_active.avg.pct_of_peak_sustained_elapsed,smsp__inst_executed.sum,smsp__maximum_warps_avg_per_active_cycle,smsp__thread_inst_executed_per_inst_executed.ratio
,,,,,,,,,,,,,,,,,,,,,,,,,,,,,,,,,,,,,,,,,,,,,,,,,,,,,,,,,,,,,,,,,,,,,,,,,,,,,,,,,,,,,,,,,,,,,,,,,,,,,,,,,,,,,,,,,,,,,,,,,,,,,,,,,,,,,,,,,,,,,,,,,,,,,,,,,,byte,sector,sector,cycle,nsecond,,,sector,sector,sector,sector,sector,sector,block,block,block,,,,,,,,,,block,block,block,block,,,,register/thread,register/thread,byte,byte/block,byte/block,byte/block,byte/block,byte/block,,thread,,%,sector,sector/second,sector,sector,sector,sector,sector,,,,,,,,,byte,byte,byte,byte,byte,byte,byte,byte,,,cycle,cycle,cycle,cycle,inst,inst,inst,inst,inst,inst,inst,inst,warp,%,cycle,cycle,cycle,cycle,cycle,inst,inst,inst,inst,inst,inst,inst,inst,inst,inst,inst,inst,inst,inst,inst,inst,inst,%,%,inst,warp,
0,717593,transpose,127.0.0.1,"copy(float*, float*, int, int)",2022-Dec-19 02:48:20,1,7,368,2,0,1,1,0,1,0,0,372,"1,560,000",8,6,0,1,1,1,1,1,0,0,NVIDIA RTX A4000,0,256,4,1,1,256,1,1,"615,518,430","9,392","16,000",16,3,3,"16,000",16,161,"346,886,366",1,0,0,0,1,372,0,0,"4,194,304",32,16,1,1,"134,213,632","1,024","1,024",64,16,"1,560,000","2,147,483,647","65,535","65,535",4,1,"7,001,000","3,145,728","2,147,483,647","65,536","65,536",255,"49,152","101,376","102,400","1,024","1,536",48,12,"2,048","32,768","32,768","65,536","32,768","2,048","32,768","131,072","16,384","16,384","16,384","2,046","32,768","32,768","2,048","32,768","268,435,456","32,768","131,072","32,768","32,768","65,536","32,768","2,048","32,768","65,000","2,097,120","131,072","32,768","32,768","131,072","16,384","32,768","16,384","8,192","16,384","8,192","2,046","32,768","32,768","7,001,000",1,0,0,48,8,4,1,0,0,65,0,0,1,17,"1,024",8,32,1,1,512,0,512,32,"65,536","16,897,081,344",1,1,32,"68,864","2,152",12,"3,120.33","4,352",0,0,"2,048",0,"2,048","2,048",0,"2,048",16,16,1,256,1,0,cudaFuncCachePreferNone,"140,460,580,140,288",8,8,1,64,16,16,100,6,"2,484","4,976","3,096",16,"4,096","8,192","1,024","1,024","1,024",0,0,7,"16,384",0.22,100,"2,048","470,588,235.29",0,"2,048","2,048","2,048",0,0,0,0,0,0,no data,no data,0,"8,520,020","8,520,020","8,520,020","59,640,140","8,520,020","8,520,020","8,520,020","59,640,140",7,0,"1,294.52","62,137","3,120.33","149,776","7,680","2,048","1,536",0,"2,048",0,0,0,48,100,"4,096","5,120",0,0,0,0,0,"1,024",0,0,0,0,"245,760",0,0,0,0,0,"81,920",0,0,0,20.95,37.60,"7,680",12,32
1,717593,transpose,127.0.0.1,"copy(float*, float*, int, int)",2022-Dec-19 02:48:20,1,7,368,2,0,1,1,0,1,0,0,372,"1,560,000",8,6,0,1,1,1,1,1,0,0,NVIDIA RTX A4000,0,256,4,1,1,256,1,1,"615,518,430","9,392","16,000",16,3,3,"16,000",16,161,"346,886,366",1,0,0,0,1,372,0,0,"4,194,304",32,16,1,1,"134,213,632","1,024","1,024",64,16,"1,560,000","2,147,483,647","65,535","65,535",4,1,"7,001,000","3,145,728","2,147,483,647","65,536","65,536",255,"49,152","101,376","102,400","1,024","1,536",48,12,"2,048","32,768","32,768","65,536","32,768","2,048","32,768","131,072","16,384","16,384","16,384","2,046","32,768","32,768","2,048","32,768","268,435,456","32,768","131,072","32,768","32,768","65,536","32,768","2,048","32,768","65,000","2,097,120","131,072","32,768","32,768","131,072","16,384","32,768","16,384","8,192","16,384","8,192","2,046","32,768","32,768","7,001,000",1,0,0,48,8,4,1,0,0,65,0,0,1,17,"1,024",8,32,1,1,512,0,512,32,"65,536","16,897,081,344",1,1,32,"69,120","2,160",36,"3,158","4,384",0,0,"2,048",0,"2,048","2,048",0,"2,048",16,16,1,256,1,0,cudaFuncCachePreferNone,"140,460,580,140,288",8,8,1,64,16,16,100,6,"2,484","4,976","3,096",16,"4,096","8,192","1,024","1,024","1,024",0,0,7,"16,384",0.22,100,"2,048","467,153,284.67",0,"2,048","2,048","2,048",0,0,0,0,0,0,no data,no data,0,"8,520,020","8,520,020","8,520,020","59,640,140","8,520,020","8,520,020","8,520,020","59,640,140",7,0,"1,308.90","62,827","3,158","151,584","7,680","2,048","1,536",0,"2,048",0,0,0,48,100,"4,096","5,120",0,0,0,0,0,"1,024",0,0,0,0,"245,760",0,0,0,0,0,"81,920",0,0,0,21.12,37.41,"7,680",12,32
2,717593,transpose,127.0.0.1,"copySharedMem(float*, float*, int, int)",2022-Dec-19 02:48:21,1,7,368,2,0,1,1,0,1,0,0,372,"1,560,000",8,6,0,1,1,1,1,1,0,0,NVIDIA RTX A4000,0,256,4,1,1,256,1,1,"615,518,430","9,392","16,000",16,3,3,"16,000",16,161,"346,886,366",1,0,0,0,1,372,0,0,"4,194,304",32,16,1,1,"134,213,632","1,024","1,024",64,16,"1,560,000","2,147,483,647","65,535","65,535",4,1,"7,001,000","3,145,728","2,147,483,647","65,536","65,536",255,"49,152","101,376","102,400","1,024","1,536",48,12,"2,048","32,768","32,768","65,536","32,768","2,048","32,768","131,072","16,384","16,384","16,384","2,046","32,768","32,768","2,048","32,768","268,435,456","32,768","131,072","32,768","32,768","65,536","32,768","2,048","32,768","65,000","2,097,120","131,072","32,768","32,768","131,072","16,384","32,768","16,384","8,192","16,384","8,192","2,046","32,768","32,768","7,001,000",1,0,0,48,8,4,1,0,0,65,0,0,1,17,"1,024",8,32,1,1,512,0,512,32,"65,536","16,897,081,344",1,1,32,"69,248","2,164",28,"3,215.17","4,480",0,0,"2,048",0,"2,048","2,048",0,"2,048",16,16,1,256,1,0,cudaFuncCachePreferNone,"140,460,580,137,472",8,8,1,64,16,16,50,6,"2,484","4,976","3,944",16,"4,096","16,384","2,048","2,048","1,024",0,"1,024",7,"16,384",0.22,100,"2,048","457,142,857.14",0,"2,048","2,048","2,048",0,0,0,0,0,0,no data,no data,0,"8,520,020","8,520,020","8,520,020","59,640,140","8,520,020","8,520,020","8,520,020","59,640,140",7,0,"1,372.85","65,897","3,215.17","154,328","14,336","3,584","3,072",0,"3,072",0,0,0,48,100,"7,168","8,192",0,0,0,0,0,"2,048",0,0,512,512,"458,752",0,0,0,0,0,"180,224",0,0,0,21.72,41.88,"14,336",12,32
3,717593,transpose,127.0.0.1,"copySharedMem(float*, float*, int, int)",2022-Dec-19 02:48:21,1,7,368,2,0,1,1,0,1,0,0,372,"1,560,000",8,6,0,1,1,1,1,1,0,0,NVIDIA RTX A4000,0,256,4,1,1,256,1,1,"615,518,430","9,392","16,000",16,3,3,"16,000",16,161,"346,886,366",1,0,0,0,1,372,0,0,"4,194,304",32,16,1,1,"134,213,632","1,024","1,024",64,16,"1,560,000","2,147,483,647","65,535","65,535",4,1,"7,001,000","3,145,728","2,147,483,647","65,536","65,536",255,"49,152","101,376","102,400","1,024","1,536",48,12,"2,048","32,768","32,768","65,536","32,768","2,048","32,768","131,072","16,384","16,384","16,384","2,046","32,768","32,768","2,048","32,768","268,435,456","32,768","131,072","32,768","32,768","65,536","32,768","2,048","32,768","65,000","2,097,120","131,072","32,768","32,768","131,072","16,384","32,768","16,384","8,192","16,384","8,192","2,046","32,768","32,768","7,001,000",1,0,0,48,8,4,1,0,0,65,0,0,1,17,"1,024",8,32,1,1,512,0,512,32,"65,536","16,897,081,344",1,1,32,"69,120","2,160",8,"3,230.83","4,512",0,0,"2,048",0,"2,048","2,048",0,"2,048",16,16,1,256,1,0,cudaFuncCachePreferNone,"140,460,580,137,472",8,8,1,64,16,16,50,6,"2,484","4,976","3,944",16,"4,096","16,384","2,048","2,048","1,024",0,"1,024",7,"16,384",0.22,100,"2,048","453,900,709.22",0,"2,048","2,048","2,048",0,0,0,0,0,0,no data,no data,0,"8,520,020","8,520,020","8,520,020","59,640,140","8,520,020","8,520,020","8,520,020","59,640,140",7,0,"1,379.67","66,224","3,230.83","155,080","14,336","3,584","3,072",0,"3,072",0,0,0,48,100,"7,168","8,192",0,0,0,0,0,"2,048",0,0,512,512,"458,752",0,0,0,0,0,"180,224",0,0,0,21.76,40.34,"14,336",12,32
4,717593,transpose,127.0.0.1,"transposeNaive(float*, float*, int, int)",2022-Dec-19 02:48:21,1,7,368,2,0,1,1,0,1,0,0,372,"1,560,000",8,6,0,1,1,1,1,1,0,0,NVIDIA RTX A4000,0,256,4,1,1,256,1,1,"615,518,430","9,392","16,000",16,3,3,"16,000",16,161,"346,886,366",1,0,0,0,1,372,0,0,"4,194,304",32,16,1,1,"134,213,632","1,024","1,024",64,16,"1,560,000","2,147,483,647","65,535","65,535",4,1,"7,001,000","3,145,728","2,147,483,647","65,536","65,536",255,"49,152","101,376","102,400","1,024","1,536",48,12,"2,048","32,768","32,768","65,536","32,768","2,048","32,768","131,072","16,384","16,384","16,384","2,046","32,768","32,768","2,048","32,768","268,435,456","32,768","131,072","32,768","32,768","65,536","32,768","2,048","32,768","65,000","2,097,120","131,072","32,768","32,768","131,072","16,384","32,768","16,384","8,192","16,384","8,192","2,046","32,768","32,768","7,001,000",1,0,0,48,8,4,1,0,0,65,0,0,1,17,"1,024",8,32,1,1,512,0,512,32,"65,536","16,897,081,344",1,1,32,"69,120","2,160",16,"3,462","4,800",0,0,"2,048",0,"2,048","8,192","6,179","2,013",16,16,1,256,1,0,cudaFuncCachePreferNone,"140,460,580,134,656",8,8,1,64,16,16,100,6,"2,484","4,976","3,096",16,"4,096","8,192","1,024","1,024","1,024",0,0,7,"16,384",0.22,100,"2,048","426,666,666.67",0,"2,048","3,448","3,892",0,0,0,0,0,0,no data,no data,0,"8,520,020","8,520,020","8,520,020","59,640,140","8,520,020","8,520,020","8,520,020","59,640,140",7,0,"1,409.73","67,667","3,462","166,176","8,192","2,048","2,048",0,"2,048",0,0,0,48,100,"4,096","6,144",0,0,0,0,0,"1,024",0,0,0,0,"262,144",0,0,0,0,0,"98,304",0,0,0,20.54,36.64,"8,192",12,32
5,717593,transpose,127.0.0.1,"transposeNaive(float*, float*, int, int)",2022-Dec-19 02:48:21,1,7,368,2,0,1,1,0,1,0,0,372,"1,560,000",8,6,0,1,1,1,1,1,0,0,NVIDIA RTX A4000,0,256,4,1,1,256,1,1,"615,518,430","9,392","16,000",16,3,3,"16,000",16,161,"346,886,366",1,0,0,0,1,372,0,0,"4,194,304",32,16,1,1,"134,213,632","1,024","1,024",64,16,"1,560,000","2,147,483,647","65,535","65,535",4,1,"7,001,000","3,145,728","2,147,483,647","65,536","65,536",255,"49,152","101,376","102,400","1,024","1,536",48,12,"2,048","32,768","32,768","65,536","32,768","2,048","32,768","131,072","16,384","16,384","16,384","2,046","32,768","32,768","2,048","32,768","268,435,456","32,768","131,072","32,768","32,768","65,536","32,768","2,048","32,768","65,000","2,097,120","131,072","32,768","32,768","131,072","16,384","32,768","16,384","8,192","16,384","8,192","2,046","32,768","32,768","7,001,000",1,0,0,48,8,4,1,0,0,65,0,0,1,17,"1,024",8,32,1,1,512,0,512,32,"65,536","16,897,081,344",1,1,32,"68,992","2,156",12,"3,381.33","4,704",0,0,"2,048",0,"2,048","8,192","6,422","1,770",16,16,1,256,1,0,cudaFuncCachePreferNone,"140,460,580,134,656",8,8,1,64,16,16,100,6,"2,484","4,976","3,096",16,"4,096","8,192","1,024","1,024","1,024",0,0,7,"16,384",0.22,100,"2,048","435,374,149.66",0,"2,048","3,368","2,773",0,0,0,0,0,0,no data,no data,0,"8,520,020","8,520,020","8,520,020","59,640,140","8,520,020","8,520,020","8,520,020","59,640,140",7,0,"1,396.62","67,038","3,381.33","162,304","8,192","2,048","2,048",0,"2,048",0,0,0,48,100,"4,096","6,144",0,0,0,0,0,"1,024",0,0,0,0,"262,144",0,0,0,0,0,"98,304",0,0,0,20.66,38.07,"8,192",12,32
6,717593,transpose,127.0.0.1,"transposeCoalesced(float*, float*, int, int)",2022-Dec-19 02:48:21,1,7,368,2,0,1,1,0,1,0,0,372,"1,560,000",8,6,0,1,1,1,1,1,0,0,NVIDIA RTX A4000,0,256,4,1,1,256,1,1,"615,518,430","9,392","16,000",16,3,3,"16,000",16,161,"346,886,366",1,0,0,0,1,372,0,0,"4,194,304",32,16,1,1,"134,213,632","1,024","1,024",64,16,"1,560,000","2,147,483,647","65,535","65,535",4,1,"7,001,000","3,145,728","2,147,483,647","65,536","65,536",255,"49,152","101,376","102,400","1,024","1,536",48,12,"2,048","32,768","32,768","65,536","32,768","2,048","32,768","131,072","16,384","16,384","16,384","2,046","32,768","32,768","2,048","32,768","268,435,456","32,768","131,072","32,768","32,768","65,536","32,768","2,048","32,768","65,000","2,097,120","131,072","32,768","32,768","131,072","16,384","32,768","16,384","8,192","16,384","8,192","2,046","32,768","32,768","7,001,000",1,0,0,48,8,4,1,0,0,65,0,0,1,17,"1,024",8,32,1,1,512,0,512,32,"65,536","16,897,081,344",1,1,32,"68,864","2,152",4,"3,270.17","4,544",0,0,"2,048",0,"2,048","2,048",0,"2,048",16,16,1,256,1,0,cudaFuncCachePreferNone,"140,460,580,131,840",8,8,1,64,16,16,50,6,"2,484","4,976","3,944",16,"4,096","16,384","2,048","2,048","1,024",0,"1,024",7,"16,384",0.22,100,"2,048","450,704,225.35",0,"2,048","2,048","2,048",0,0,0,0,0,0,no data,no data,0,"8,520,020","8,520,020","8,520,020","59,640,140","8,520,020","8,520,020","8,520,020","59,640,140",7,0,"1,376.19","66,057","3,270.17","156,968","11,776","3,072","3,072",0,"3,072",0,0,0,48,100,"6,144","8,192",0,0,0,0,0,"2,048",0,0,512,512,"376,832",0,0,0,0,0,"180,224",0,0,0,21.59,39.90,"11,776",12,32
7,717593,transpose,127.0.0.1,"transposeCoalesced(float*, float*, int, int)",2022-Dec-19 02:48:21,1,7,368,2,0,1,1,0,1,0,0,372,"1,560,000",8,6,0,1,1,1,1,1,0,0,NVIDIA RTX A4000,0,256,4,1,1,256,1,1,"615,518,430","9,392","16,000",16,3,3,"16,000",16,161,"346,886,366",1,0,0,0,1,372,0,0,"4,194,304",32,16,1,1,"134,213,632","1,024","1,024",64,16,"1,560,000","2,147,483,647","65,535","65,535",4,1,"7,001,000","3,145,728","2,147,483,647","65,536","65,536",255,"49,152","101,376","102,400","1,024","1,536",48,12,"2,048","32,768","32,768","65,536","32,768","2,048","32,768","131,072","16,384","16,384","16,384","2,046","32,768","32,768","2,048","32,768","268,435,456","32,768","131,072","32,768","32,768","65,536","32,768","2,048","32,768","65,000","2,097,120","131,072","32,768","32,768","131,072","16,384","32,768","16,384","8,192","16,384","8,192","2,046","32,768","32,768","7,001,000",1,0,0,48,8,4,1,0,0,65,0,0,1,17,"1,024",8,32,1,1,512,0,512,32,"65,536","16,897,081,344",1,1,32,"68,864","2,152",36,"3,288","4,576",0,0,"2,048",0,"2,048","2,048",0,"2,048",16,16,1,256,1,0,cudaFuncCachePreferNone,"140,460,580,131,840",8,8,1,64,16,16,50,6,"2,484","4,976","3,944",16,"4,096","16,384","2,048","2,048","1,024",0,"1,024",7,"16,384",0.22,100,"2,048","447,552,447.55",0,"2,048","2,048","2,048",0,0,0,0,0,0,no data,no data,0,"8,520,020","8,520,020","8,520,020","59,640,140","8,520,020","8,520,020","8,520,020","59,640,140",7,0,"1,390.60","66,749","3,288","157,824","11,776","3,072","3,072",0,"3,072",0,0,0,48,100,"6,144","8,192",0,0,0,0,0,"2,048",0,0,512,512,"376,832",0,0,0,0,0,"180,224",0,0,0,21.49,41.97,"11,776",12,32
8,717593,transpose,127.0.0.1,"transposeNoBankConflicts(float*, float*, int, int)",2022-Dec-19 02:48:21,1,7,368,2,0,1,1,0,1,0,0,372,"1,560,000",8,6,0,1,1,1,1,1,0,0,NVIDIA RTX A4000,0,256,4,1,1,256,1,1,"615,518,430","9,392","16,000",16,3,3,"16,000",16,161,"346,886,366",1,0,0,0,1,372,0,0,"4,194,304",32,16,1,1,"134,213,632","1,024","1,024",64,16,"1,560,000","2,147,483,647","65,535","65,535",4,1,"7,001,000","3,145,728","2,147,483,647","65,536","65,536",255,"49,152","101,376","102,400","1,024","1,536",48,12,"2,048","32,768","32,768","65,536","32,768","2,048","32,768","131,072","16,384","16,384","16,384","2,046","32,768","32,768","2,048","32,768","268,435,456","32,768","131,072","32,768","32,768","65,536","32,768","2,048","32,768","65,000","2,097,120","131,072","32,768","32,768","131,072","16,384","32,768","16,384","8,192","16,384","8,192","2,046","32,768","32,768","7,001,000",1,0,0,48,8,4,1,0,0,65,0,0,1,17,"1,024",8,32,1,1,512,0,512,32,"65,536","16,897,081,344",1,1,32,"69,120","2,160",0,"3,177.33","4,416",0,0,"2,048",0,"2,048","2,048",0,"2,048",16,16,1,256,1,0,cudaFuncCachePreferNone,"140,460,580,129,024",8,8,1,64,16,16,47,6,"2,484","4,976","3,944",16,"4,096","32,768","2,112","2,176","1,024",0,"1,088",7,"16,384",0.22,100,"2,048","463,768,115.94",0,"2,048","2,048","2,048",0,0,0,0,0,0,no data,no data,0,"8,520,020","8,520,020","8,520,020","59,640,140","8,520,020","8,520,020","8,520,020","59,640,140",7,0,"1,318.27","63,277","3,177.33","152,512","11,776","3,072","3,072",0,"3,072",0,0,0,48,100,"6,144","8,192",0,0,0,0,0,"2,048",0,0,512,512,"376,832",0,0,0,0,0,"163,840",0,0,0,21.69,40.71,"11,776",12,32
9,717593,transpose,127.0.0.1,"transposeNoBankConflicts(float*, float*, int, int)",2022-Dec-19 02:48:22,1,7,368,2,0,1,1,0,1,0,0,372,"1,560,000",8,6,0,1,1,1,1,1,0,0,NVIDIA RTX A4000,0,256,4,1,1,256,1,1,"615,518,430","9,392","16,000",16,3,3,"16,000",16,161,"346,886,366",1,0,0,0,1,372,0,0,"4,194,304",32,16,1,1,"134,213,632","1,024","1,024",64,16,"1,560,000","2,147,483,647","65,535","65,535",4,1,"7,001,000","3,145,728","2,147,483,647","65,536","65,536",255,"49,152","101,376","102,400","1,024","1,536",48,12,"2,048","32,768","32,768","65,536","32,768","2,048","32,768","131,072","16,384","16,384","16,384","2,046","32,768","32,768","2,048","32,768","268,435,456","32,768","131,072","32,768","32,768","65,536","32,768","2,048","32,768","65,000","2,097,120","131,072","32,768","32,768","131,072","16,384","32,768","16,384","8,192","16,384","8,192","2,046","32,768","32,768","7,001,000",1,0,0,48,8,4,1,0,0,65,0,0,1,17,"1,024",8,32,1,1,512,0,512,32,"65,536","16,897,081,344",1,1,32,"69,120","2,160",8,"3,213.67","4,448",0,0,"2,048",0,"2,048","2,048",0,"2,048",16,16,1,256,1,0,cudaFuncCachePreferNone,"140,460,580,129,024",8,8,1,64,16,16,47,6,"2,484","4,976","3,944",16,"4,096","32,768","2,112","2,176","1,024",0,"1,088",7,"16,384",0.22,100,"2,048","460,431,654.68",0,"2,048","2,048","2,048",0,0,0,0,0,0,no data,no data,0,"8,520,020","8,520,020","8,520,020","59,640,140","8,520,020","8,520,020","8,520,020","59,640,140",7,0,"1,338.50","64,248","3,213.67","154,256","11,776","3,072","3,072",0,"3,072",0,0,0,48,100,"6,144","8,192",0,0,0,0,0,"2,048",0,0,512,512,"376,832",0,0,0,0,0,"163,840",0,0,0,21.69,42.18,"11,776",12,32
10,717593,transpose,127.0.0.1,"transposeCoarseGrained(float*, float*, int, int)",2022-Dec-19 02:48:22,1,7,368,2,0,1,1,0,1,0,0,372,"1,560,000",8,6,0,1,1,1,1,1,0,0,NVIDIA RTX A4000,0,256,4,1,1,256,1,1,"615,518,430","9,392","16,000",16,3,3,"16,000",16,161,"346,886,366",1,0,0,0,1,372,0,0,"4,194,304",32,16,1,1,"134,213,632","1,024","1,024",64,16,"1,560,000","2,147,483,647","65,535","65,535",4,1,"7,001,000","3,145,728","2,147,483,647","65,536","65,536",255,"49,152","101,376","102,400","1,024","1,536",48,12,"2,048","32,768","32,768","65,536","32,768","2,048","32,768","131,072","16,384","16,384","16,384","2,046","32,768","32,768","2,048","32,768","268,435,456","32,768","131,072","32,768","32,768","65,536","32,768","2,048","32,768","65,000","2,097,120","131,072","32,768","32,768","131,072","16,384","32,768","16,384","8,192","16,384","8,192","2,046","32,768","32,768","7,001,000",1,0,0,48,8,4,1,0,0,65,0,0,1,17,"1,024",8,32,1,1,512,0,512,32,"65,536","16,897,081,344",1,1,32,"68,864","2,152",12,"3,203.33","4,480",0,0,"2,048",0,"2,048","2,048",0,"2,048",16,16,1,256,1,0,cudaFuncCachePreferNone,"140,460,580,119,808",8,8,1,64,16,16,47,6,"2,484","4,976","3,944",16,"4,096","32,768","2,112","2,176","1,024",0,"1,088",7,"16,384",0.22,100,"2,048","457,142,857.14",0,"2,048","2,048","2,048",0,0,0,0,0,0,no data,no data,0,"8,520,020","8,520,020","8,520,020","59,640,140","8,520,020","8,520,020","8,520,020","59,640,140",7,0,"1,333","63,984","3,203.33","153,760","11,264","3,072","2,560",0,"3,072",0,0,0,48,100,"6,144","7,168",0,0,0,0,0,"2,048",0,0,512,512,"360,448",0,0,0,0,0,"147,456",0,0,0,21.74,39.29,"11,264",12,32
11,717593,transpose,127.0.0.1,"transposeCoarseGrained(float*, float*, int, int)",2022-Dec-19 02:48:22,1,7,368,2,0,1,1,0,1,0,0,372,"1,560,000",8,6,0,1,1,1,1,1,0,0,NVIDIA RTX A4000,0,256,4,1,1,256,1,1,"615,518,430","9,392","16,000",16,3,3,"16,000",16,161,"346,886,366",1,0,0,0,1,372,0,0,"4,194,304",32,16,1,1,"134,213,632","1,024","1,024",64,16,"1,560,000","2,147,483,647","65,535","65,535",4,1,"7,001,000","3,145,728","2,147,483,647","65,536","65,536",255,"49,152","101,376","102,400","1,024","1,536",48,12,"2,048","32,768","32,768","65,536","32,768","2,048","32,768","131,072","16,384","16,384","16,384","2,046","32,768","32,768","2,048","32,768","268,435,456","32,768","131,072","32,768","32,768","65,536","32,768","2,048","32,768","65,000","2,097,120","131,072","32,768","32,768","131,072","16,384","32,768","16,384","8,192","16,384","8,192","2,046","32,768","32,768","7,001,000",1,0,0,48,8,4,1,0,0,65,0,0,1,17,"1,024",8,32,1,1,512,0,512,32,"65,536","16,897,081,344",1,1,32,"68,992","2,156",24,"3,204.17","4,448",0,0,"2,048",0,"2,048","2,048",0,"2,048",16,16,1,256,1,0,cudaFuncCachePreferNone,"140,460,580,119,808",8,8,1,64,16,16,47,6,"2,484","4,976","3,944",16,"4,096","32,768","2,112","2,176","1,024",0,"1,088",7,"16,384",0.22,100,"2,048","460,431,654.68",0,"2,048","2,048","2,048",0,0,0,0,0,0,no data,no data,0,"8,520,020","8,520,020","8,520,020","59,640,140","8,520,020","8,520,020","8,520,020","59,640,140",7,0,"1,335.23","64,091","3,204.17","153,800","11,264","3,072","2,560",0,"3,072",0,0,0,48,100,"6,144","7,168",0,0,0,0,0,"2,048",0,0,512,512,"360,448",0,0,0,0,0,"147,456",0,0,0,21.71,39.84,"11,264",12,32
12,717593,transpose,127.0.0.1,"transposeFineGrained(float*, float*, int, int)",2022-Dec-19 02:48:22,1,7,368,2,0,1,1,0,1,0,0,372,"1,560,000",8,6,0,1,1,1,1,1,0,0,NVIDIA RTX A4000,0,256,4,1,1,256,1,1,"615,518,430","9,392","16,000",16,3,3,"16,000",16,161,"346,886,366",1,0,0,0,1,372,0,0,"4,194,304",32,16,1,1,"134,213,632","1,024","1,024",64,16,"1,560,000","2,147,483,647","65,535","65,535",4,1,"7,001,000","3,145,728","2,147,483,647","65,536","65,536",255,"49,152","101,376","102,400","1,024","1,536",48,12,"2,048","32,768","32,768","65,536","32,768","2,048","32,768","131,072","16,384","16,384","16,384","2,046","32,768","32,768","2,048","32,768","268,435,456","32,768","131,072","32,768","32,768","65,536","32,768","2,048","32,768","65,000","2,097,120","131,072","32,768","32,768","131,072","16,384","32,768","16,384","8,192","16,384","8,192","2,046","32,768","32,768","7,001,000",1,0,0,48,8,4,1,0,0,65,0,0,1,17,"1,024",8,32,1,1,512,0,512,32,"65,536","16,897,081,344",1,1,32,"68,864","2,152",4,"3,322","4,608",0,0,"2,048",0,"2,048","2,048",0,"2,048",16,16,1,256,1,0,cudaFuncCachePreferNone,"140,460,580,122,624",8,8,1,64,16,16,47,6,"2,484","4,976","3,944",16,"4,096","32,768","2,112","2,176","1,024",0,"1,088",7,"16,384",0.22,100,"2,048","444,444,444.44",0,"2,048","2,048","2,048",0,0,0,0,0,0,no data,no data,0,"8,520,020","8,520,020","8,520,020","59,640,140","8,520,020","8,520,020","8,520,020","59,640,140",7,0,"1,409.46","67,654","3,322","159,456","10,240","2,048","2,560",0,"3,072",0,0,0,48,100,"4,096","7,168",0,0,0,0,0,"2,048",0,0,512,512,"327,680",0,0,0,0,0,"114,688",0,0,0,21.79,40.25,"10,240",12,32
13,717593,transpose,127.0.0.1,"transposeFineGrained(float*, float*, int, int)",2022-Dec-19 02:48:22,1,7,368,2,0,1,1,0,1,0,0,372,"1,560,000",8,6,0,1,1,1,1,1,0,0,NVIDIA RTX A4000,0,256,4,1,1,256,1,1,"615,518,430","9,392","16,000",16,3,3,"16,000",16,161,"346,886,366",1,0,0,0,1,372,0,0,"4,194,304",32,16,1,1,"134,213,632","1,024","1,024",64,16,"1,560,000","2,147,483,647","65,535","65,535",4,1,"7,001,000","3,145,728","2,147,483,647","65,536","65,536",255,"49,152","101,376","102,400","1,024","1,536",48,12,"2,048","32,768","32,768","65,536","32,768","2,048","32,768","131,072","16,384","16,384","16,384","2,046","32,768","32,768","2,048","32,768","268,435,456","32,768","131,072","32,768","32,768","65,536","32,768","2,048","32,768","65,000","2,097,120","131,072","32,768","32,768","131,072","16,384","32,768","16,384","8,192","16,384","8,192","2,046","32,768","32,768","7,001,000",1,0,0,48,8,4,1,0,0,65,0,0,1,17,"1,024",8,32,1,1,512,0,512,32,"65,536","16,897,081,344",1,1,32,"69,120","2,160",0,"3,281.50","4,576",0,0,"2,048",0,"2,048","2,048",0,"2,048",16,16,1,256,1,0,cudaFuncCachePreferNone,"140,460,580,122,624",8,8,1,64,16,16,47,6,"2,484","4,976","3,944",16,"4,096","32,768","2,112","2,176","1,024",0,"1,088",7,"16,384",0.22,100,"2,048","447,552,447.55",0,"2,048","2,048","2,048",0,0,0,0,0,0,no data,no data,0,"8,520,020","8,520,020","8,520,020","59,640,140","8,520,020","8,520,020","8,520,020","59,640,140",7,0,"1,405.02","67,441","3,281.50","157,512","10,240","2,048","2,560",0,"3,072",0,0,0,48,100,"4,096","7,168",0,0,0,0,0,"2,048",0,0,512,512,"327,680",0,0,0,0,0,"114,688",0,0,0,21.73,38.33,"10,240",12,32
14,717593,transpose,127.0.0.1,"transposeDiagonal(float*, float*, int, int)",2022-Dec-19 02:48:22,1,7,368,2,0,1,1,0,1,0,0,372,"1,560,000",8,6,0,1,1,1,1,1,0,0,NVIDIA RTX A4000,0,256,4,1,1,256,1,1,"615,518,430","9,392","16,000",16,3,3,"16,000",16,161,"346,886,366",1,0,0,0,1,372,0,0,"4,194,304",32,16,1,1,"134,213,632","1,024","1,024",64,16,"1,560,000","2,147,483,647","65,535","65,535",4,1,"7,001,000","3,145,728","2,147,483,647","65,536","65,536",255,"49,152","101,376","102,400","1,024","1,536",48,12,"2,048","32,768","32,768","65,536","32,768","2,048","32,768","131,072","16,384","16,384","16,384","2,046","32,768","32,768","2,048","32,768","268,435,456","32,768","131,072","32,768","32,768","65,536","32,768","2,048","32,768","65,000","2,097,120","131,072","32,768","32,768","131,072","16,384","32,768","16,384","8,192","16,384","8,192","2,046","32,768","32,768","7,001,000",1,0,0,48,8,4,1,0,0,65,0,0,1,17,"1,024",8,32,1,1,512,0,512,32,"65,536","16,897,081,344",1,1,32,"69,632","2,176",12,"3,385.17","4,704",0,0,"2,048",0,"2,048","2,048",0,"2,048",16,16,1,256,1,0,cudaFuncCachePreferNone,"140,460,580,125,440",8,8,1,64,16,16,47,6,"2,484","4,976","3,944",16,"4,096","32,768","2,112","2,176","1,024",0,"1,088",7,"16,384",0.22,100,"2,048","435,374,149.66",0,"2,048","2,048","2,048",0,0,0,0,0,0,no data,no data,0,"8,520,020","8,520,020","8,520,020","59,640,140","8,520,020","8,520,020","8,520,020","59,640,140",7,0,"1,501.85","72,089","3,385.17","162,488","23,040","7,168","8,192",0,"3,072",0,0,"1,536",48,100,"14,336","20,480",0,0,0,0,0,"2,048",0,0,512,512,"737,280",0,0,0,0,0,"411,392",0,0,0,21.82,42.18,"23,040",12,32
15,717593,transpose,127.0.0.1,"transposeDiagonal(float*, float*, int, int)",2022-Dec-19 02:48:22,1,7,368,2,0,1,1,0,1,0,0,372,"1,560,000",8,6,0,1,1,1,1,1,0,0,NVIDIA RTX A4000,0,256,4,1,1,256,1,1,"615,518,430","9,392","16,000",16,3,3,"16,000",16,161,"346,886,366",1,0,0,0,1,372,0,0,"4,194,304",32,16,1,1,"134,213,632","1,024","1,024",64,16,"1,560,000","2,147,483,647","65,535","65,535",4,1,"7,001,000","3,145,728","2,147,483,647","65,536","65,536",255,"49,152","101,376","102,400","1,024","1,536",48,12,"2,048","32,768","32,768","65,536","32,768","2,048","32,768","131,072","16,384","16,384","16,384","2,046","32,768","32,768","2,048","32,768","268,435,456","32,768","131,072","32,768","32,768","65,536","32,768","2,048","32,768","65,000","2,097,120","131,072","32,768","32,768","131,072","16,384","32,768","16,384","8,192","16,384","8,192","2,046","32,768","32,768","7,001,000",1,0,0,48,8,4,1,0,0,65,0,0,1,17,"1,024",8,32,1,1,512,0,512,32,"65,536","16,897,081,344",1,1,32,"69,632","2,176",0,"3,348.33","4,640",0,0,"2,048",0,"2,048","2,048",0,"2,048",16,16,1,256,1,0,cudaFuncCachePreferNone,"140,460,580,125,440",8,8,1,64,16,16,47,6,"2,484","4,976","3,944",16,"4,096","32,768","2,112","2,176","1,024",0,"1,088",7,"16,384",0.22,100,"2,048","441,379,310.34",0,"2,048","2,048","2,048",0,0,0,0,0,0,no data,no data,0,"8,520,020","8,520,020","8,520,020","59,640,140","8,520,020","8,520,020","8,520,020","59,640,140",7,0,"1,478.08","70,948","3,348.33","160,720","23,040","7,168","8,192",0,"3,072",0,0,"1,536",48,100,"14,336","20,480",0,0,0,0,0,"2,048",0,0,512,512,"737,280",0,0,0,0,0,"411,392",0,0,0,21.82,41.76,"23,040",12,32
